AreaCode,Estimated Energy Use (kWh),Estimated Cost of Energy,Total Floor Area
268139005,827200,92457,3706
268139006,707019,81314,3595
268139007_268139008,841261,97218,4442
268139004,1052962,118833,5608
268106003,1424658,160121,7055
268106004,1118995,127572,6524
268106005,1761219,200661,10580
268106002,807411,84206,3457
268106007,1003666,106753,4526
268106006,1199190,134045,6029
268106008,629046,70560,2564
268139001_268139013,628984,66102,2190
268139003,2491229,281281,14780
268139009,987116,107729,5487
268106009,1372539,165272,7846
268106011,1444743,172838,8280
268106001,905430,103261,4085
268139010,774270,82138,4258
268139002,753175,80264,2635
268138011,1776928,177996,5958
268138018,953629,96529,3404
268138019,977009,97160,3431
268138005,1749717,201013,11758
268139011,1213263,139759,5476
268139012,2973344,352414,22102
268106010,2084863,245479,15984
268138008,860582,88547,3294
268138009,1295122,143495,4112
268138010,920447,105104,3074
268106012,673280,78331,3487
268106014,1159011,139141,6446
268106013,603420,70520,3202
268106015,578830,64534,2799
268138015,1098040,115923,3731
268138013,907927,93025,3347
268138014,1044165,114331,4451
268138016,520043,60070,2594
268105016,473023,45363,1622
268105015,644193,62110,1690
268105014,420918,45861,2917
268138012,1519874,173169,10364
268138007,1463552,149155,5084
268138006,1155694,124955,4447
268138002,1432844,164584,8613
268138001,1212559,143089,7953
268138003,1809798,212397,11650
268106017,764599,88123,3576
268106016,797291,84335,3349
268106019,1796254,183492,10577
268105004,927920,104559,3156
268105003,1053389,123075,3316
268105002,958202,104248,3678
268138017,1121669,121048,5255
268138004,646866,73810,3454
268106018,899945,106754,4879
268105009,1479071,174209,10576
268105011,973281,104041,3803
268104015,1104678,110473,8118
268105010,1462161,161592,6152
268105012,788694,93680,3961
268105013,1304354,117749,6256
268104004_268104005,2907190,325874,18027
268104017,920749,108064,5437
268104006,1850491,217395,13393
268105005,1384863,153787,7335
268105006,1665590,150582,5219
268104007,938035,92271,3300
268104014,3062790,357610,22207
268104008,1487539,170168,10066
268104016,1723883,164598,10098
268104010,2341418,213410,10660
268105007,1085203,114885,3982
268105008,952346,87576,2519
268105001,2083414,184519,6919
268104001,782224,89594,4315
268104013,1723816,203556,12491
268104003,1827322,192700,11528
268104009,993818,95191,3305
268104012,1438423,157447,9314
268104011,2119381,223307,11416
268109012,4071595,483326,29036
268109014,732695,87362,4317
268109008,855417,103261,5086
268109013,1151165,137146,6951
268104002,2100065,206076,7962
268109017,1060543,88510,5127
268109004,1496955,131216,6495
268109016,1224428,115530,3998
268109015,1574957,141148,4832
268109006,1447055,172922,9803
268109007,1305185,155346,8626
268109011,1850579,219682,12734
268109005,1099325,106408,5958
268109009_268109018,1571241,186286,10647
268109010,2905234,345768,19791
268109003,2240139,198975,6540
268109001,1478852,117617,8273
268109002,1174926,95427,6529
268140008,1504780,147614,7392
268140011,1029104,116831,5306
268140016,1331145,153363,6434
268140017,3754915,417605,15964
268142001,2704299,230931,8141
268142013,4407624,466891,17392
268140006,791366,73937,3442
268140009,1408889,159363,7594
268140003,1265005,126983,5930
268140004,1268125,135527,5553
268140001,886465,97975,6115
268140010,2651166,291150,11099
268140002,577904,61753,5120
268140007,5001429,545251,20232
268140005,2268026,227827,8808
268142006,3401698,340263,13795
268142007,1207102,119708,4651
268142012,2963504,315092,11879
268142016,2239766,228645,8590
268142019,5332915,583370,21642
268142018,3573445,387738,14184
268142004,5220223,537725,19756
268142005,5851358,623985,23426
268142008,3332195,361452,14440
268140013,4453007,486071,18315
268140012,2847970,312649,11665
268142010,1988323,180761,7945
268142014,4754756,489704,17925
268142015,1632471,167588,6607
268141007,1158671,116942,5032
268141006,1399512,140894,5898
268141001,2203739,229468,9293
268141004_268141005,3826458,415658,15839
268141002,3324672,347370,16775
268141003,3955263,430955,16245
268140014,5861784,636265,23794
268140015,3198380,344980,13523
268142003,487549,44084,2175
268142002,540300,57533,2548
268142022,726763,86574,3718
268142023,817340,95340,4110
268142009,3984333,427165,15868
268142011,2798389,297014,11166
268142017,1295360,135403,6316
268142020,4928013,521048,20093
268142021,2247192,231911,9331
268097001,2692571,292670,10844
268096001,3322778,362023,13385
268096002,2057695,224321,9034
268096004,1628145,181274,7460
268096003,647432,74536,3300
268097003,5344718,572456,21859
268097002,6867058,729796,27370
268096005,597196,64034,4944
268096008,1151207,114903,4876
268096013,1474659,135961,7994
268096014,1602609,160711,6720
268143003,3265512,346587,13050
268143002,2589895,274738,11085
268096007,2157077,227179,8529
268096009,1491959,152894,6521
268096020,3859083,395681,14953
268097004,5482708,597705,21966
268143001,4034126,432248,15984
268143005,5861908,626195,23046
268096010,908309,105739,4362
268096017,1607157,143273,7649
268096018,832350,96795,4180
268096019,888063,105058,4466
268096006,2312451,248093,10729
268143006,2303953,218204,9235
268143007,1424799,137844,6178
268096015,1197545,115956,5160
268096011,2292416,236643,9485
268096016,1258834,124538,5356
268096012,815572,76192,3582
268143010,1367749,157251,6959
268143011,1833938,186795,7286
268143008,1715036,146723,8568
268143009,1941350,180107,6995
268143015,2404647,209255,8060
268143017,1497008,170607,7445
268143012,1882105,188705,8241
268143018,874591,93130,8039
268143025,1880104,201605,14681
268143004,2275094,224121,9355
268143019,1606517,173470,12233
268143016,871854,83942,4388
268143020,1296001,138823,9092
268143013,1825519,213312,9300
268143026,500632,54006,3769
268143023,1137594,121020,10072
268143022,1241859,132346,10602
268143014,1058201,115752,6247
268143021,588214,69530,3095
268143029,1201300,140202,6218
268143024,1590932,172925,11686
268143030,991623,116217,5077
268143027,1195581,142256,6045
268143028,666124,73983,4909
268143031,720160,78549,4914
268009014_268009015,2547608,220057,8172
268009011,2138526,211119,7573
268009013,1286381,132655,4319
268009003,2716652,231055,8788
268009005,2571677,213474,8359
268009004,2267121,187797,7563
268009010,1325817,124155,5164
268009012,2018868,189086,7590
268009001,2494367,209430,8109
268009016,2864968,242756,9068
268009009,1276102,127649,5050
268009017,1710805,151759,5522
268009002,1778745,154635,5593
268107005,2925613,260766,12246
268108016,589012,68890,5858
268050004,2903005,244239,10187
268009008,2094393,197000,10781
268009006,908997,96138,2439
268009007,2601811,228012,7648
268107006,2242710,189168,6879
268107004,2449186,213289,7448
268107003,2457690,205201,7919
268107002,2564646,216631,8264
268049005,2748404,250529,9817
268049006,1805231,153414,5777
268050008,1870944,154461,6481
268050006,1964104,162849,7002
268050007,1948655,158868,6613
268050005,2714029,221217,9215
268108007,2440661,201948,7859
268108024,2139154,174909,7327
268108004,2173244,182573,6963
268108023,2687159,222464,8936
268108012,2765365,228931,9051
268108005,1965354,168381,6665
268108013,1811360,182950,10020
268108011,724160,83284,6485
268108003,2191758,185420,7728
268108025,2439603,200550,8090
268108028,2231633,194752,8326
268108022,1952502,165177,6347
268049003,1223743,124722,4228
268049001,2492850,205062,8527
268049010,1635193,137805,5838
268049009,2043306,169368,6772
268050003,2332616,190177,7990
268050010,2725030,221843,9336
268050002,2004049,163194,6752
268050009,3536707,288750,11889
268108018_268108019,364057,41822,3804
268108029,1678642,163217,9473
268108017_01,2115529,242942,21455
268108017_02,365386,43018,3863
268108006,2200128,192280,7612
268108009,2948457,244404,10102
268108002,2477991,202431,8344
268108001,2631496,214771,8914
268049002,2496043,216216,7808
268107001,3082018,252585,10203
268049004,2496162,219390,8362
268050001,2350363,191897,8036
268049007,2276240,185957,7700
268049008,2909756,238224,9758
268048009,872954,83371,2938
268108010,599899,63732,4907
268108008_01,650744,72865,3611
268108008_02,1406031,162813,14753
268108020,1663602,191910,14427
268108021,1351554,154787,11141
268048001,2148773,182080,7393
268048007,1108141,111967,4098
268048002,2986776,251549,9481
268048008,1738517,165785,4883
268048010,2964306,257848,10130
268048003,1938012,170524,6656
268048011,1040983,116919,4462
268048016,1620347,164467,7749
268048015,3251860,268451,10686
268048017,966518,100430,4279
268048013,2445179,205341,7206
268048014,2180056,200967,9870
268048012,3554272,309199,12190
268108015,658950,76732,6815
268108014,343481,38413,3608
268108026,2557103,229922,9593
268108027,1232637,136288,11768
268044003,3479294,317945,10855
268044004,4260746,352004,14294
268044006,3810851,314629,12612
268044008,2466463,229916,8566
268044009,3632425,310722,11388
268043003,2645880,245326,9612
268048005,842179,97206,4130
268048006,2660414,236610,10601
268048004,861715,95936,4536
268045001,3021225,249693,9885
268044005,3041605,251196,10117
268044007,2234882,198917,9377
268044002,2291975,189608,7833
268044001,3151640,259415,10708
268043004,1792211,163298,6318
268043006,2321634,196229,8273
268043005,2081149,186182,8029
268043011,2953081,256119,9413
268043007,2815169,232514,9279
268043001,3126952,264118,11717
268043002,3189570,266492,11236
268043012,2870345,243301,10357
268045007,2078276,171407,7030
268043010,2384175,197081,7823
268043009,1505468,138263,7312
268043008,2838911,243201,11323
268045006,2280843,185309,7745
268045002,1443757,145028,5935
268045004,2006037,162778,6871
268045005,2412808,198833,8375
268042019,986368,108537,3959
268042001,2569375,212272,8514
268042002,2879549,238934,9963
268042018,2989862,247846,10482
268042010,3221605,267087,10740
268042027,2894842,243525,11840
268042028,1375672,150703,7298
268042005,2423687,216350,8393
268042003,2419167,203923,7756
268042004,2065489,168644,7093
268042007,2448430,211250,9869
268042008,2545322,212243,9690
268042009,3394947,283907,12548
268042006,1562233,135956,7395
268042023,2559091,213490,9546
268042020,3010729,264190,10278
268042013,2933593,242921,10461
268042021,1283236,136408,4363
268042022,1526990,140319,5599
268042011,3180673,259631,11170
268042012,3087785,254167,10775
268042016,2760249,233176,10978
268042015,2446001,201784,8133
268045003,3277125,276171,11192
268042026,2014850,187789,8237
268042024,846256,96213,5945
268042014,3201158,261034,10876
268042025,1267038,116952,5011
268042017,2979859,251190,10071
268117019,3207727,300723,13041
268117020,2292860,219621,9792
268117021,1702256,160931,7039
268117023,1400049,127593,5402
268117022,889798,89108,3651
268117008,2645993,265487,12280
268117018,2986198,283700,12829
268117017,2904508,271141,12183
268117015,2559617,240669,10711
268117016,3437049,332719,15032
268116002,3476744,288103,11407
268117009,3833976,378398,17015
268117014,3534155,323138,14064
268117012,2336867,206571,8813
268117011,4983970,470070,20659
268117001,2529991,249437,10719
268117002,5660329,554077,24701
268117004,2409099,232620,9882
268117003,3880144,366725,16255
268117005,4523437,413546,17916
268117013,2293854,216735,9379
268116001,3552359,330115,14638
268116003,2634688,222424,8894
268117007,3875427,377613,16988
268117010,6556492,654688,29931
268117006,4625165,460755,20901
268116010,3247876,326818,14383
268115016,1803631,171134,8014
268115017,3411085,323061,14557
268115006,2178444,219509,8999
268115002,2345323,193988,7596
268115013,2722294,235320,9841
268115010,914517,96939,6047
268115008,1360932,141097,8751
268116004,2917231,241767,9427
268116005,2280766,191768,7611
268115005,3425916,315629,13774
268115019,3779728,381918,17261
268115018,2437421,207031,9183
268115020,4244508,421102,19162
268116006,5038472,419384,16796
268116007,1344245,151343,6293
268116014,1312252,149054,6215
268115011,842981,88484,5625
268115012,695153,72839,4578
268115009,4549493,477262,25300
268116009,2246208,199958,9073
268116011,7641308,751075,33593
268116008,2142549,206189,9225
268116012,1052709,117946,4913
268115001,2863752,238642,9307
268115003,2824135,237454,9273
268115007,3583431,298083,11485
268113004,2005584,185516,8013
268113005,2145107,183348,8487
268113006,3963934,324155,14162
268115014,2633951,217168,8971
268115015,932905,97102,5587
268115004,3050415,249225,10676
268115022,1798584,148569,5804
268115023,3704881,339404,14734
268116013,1439053,148507,7459
268115021,2986501,247828,10337
268114011,2866073,242470,9735
268114013,1150373,126796,5306
268114012,1319253,153114,6149
268114002,2856048,262821,10953
268114004,2563362,223375,9679
268114003,3085983,257968,11199
268110009,1728956,160189,7135
268110003,2008020,219286,13496
268110010,1536971,145471,7134
268110012,1289443,123827,6222
268110014,1454592,143308,6366
268110013,1377815,139519,5955
268110011,1655765,147068,5817
268110002,1260343,145651,5878
268110005,927621,107335,6824
268110004,3066169,254701,10315
268113007,1863149,185752,7964
268113003,1544829,134826,6321
268113002,983652,95594,4236
268113001,3088896,268528,11370
268114010,980572,98303,4030
268114008,4721229,453944,19786
268114009,1513988,142014,5744
268114007,1430646,124968,5221
268110006,2747987,236582,9792
268110007,3484378,288938,11462
268110019,2616592,220030,9075
268111001,4150913,346519,15055
268111004,2479437,228928,10614
268111002,3210616,267534,11584
268114005,2048781,206348,8986
268114006,3129507,281537,13044
268114001,2820502,242468,9951
268111003,2472743,214168,9051
268110001,1825658,159020,7298
268111006,4553859,408762,17949
268111008,2707163,245743,10779
268110018,2502524,215748,9035
268110008,2388759,204633,8919
268110016,2547027,233053,11102
268111014,3714411,316443,13038
268111005,2733315,238963,9577
268111012,3880147,349610,15494
268111010,2766172,252372,11231
268112004,3756345,306968,13394
268111013,1788078,163716,7648
268112017,4157111,349830,15220
268113008,3198469,281026,11666
268113009,5537205,453175,19129
268113011,3306261,265499,11748
268113016,2040646,185803,7869
268114017,820436,86826,5226
268114016,1993643,179410,8555
268114015,2340054,213672,9387
268114014,3883929,311893,14073
268111011,4010383,338427,14763
268111009,3098198,254351,11427
268111007,4433841,380929,15993
268113010,2550986,212573,8656
268113015,1133117,110934,4586
268113012,2302131,195505,7775
268113013,1295442,129169,5434
268113014,1540653,141049,5860
268112005,2222151,208026,9455
268112003,3088984,267912,11323
268112008,2232181,194696,8188
268112018,1573577,144454,6099
268112013,3459966,283802,12564
268112014,3238438,290606,12916
268112016,2124651,172846,7213
268112015,2396057,215333,8902
268112006,2340384,209053,9283
268112010,2433211,205346,8396
268112007,3244290,313889,14116
268112011,834446,83775,3433
268112009,2283464,186912,8374
268112001,2327747,202886,9390
268112002,2126419,193730,8632
268112012,2871486,252386,11138
268113017_01,1701543,188425,11886
268113017_02,1520104,163379,9906
268110020,3323220,274709,10545
268110017,3277710,300278,15413
268110015,2112284,186067,9039
268022013,1895776,152574,9089
268022012,1874301,167158,9460
268022011,1922126,193191,9014
268022014,1660444,140055,6443
268022015,1653338,139375,8061
268022004,2745290,220697,11046
268022005,1888638,151623,7619
268024005,1946301,156643,8303
268024006,2342140,188566,9871
268024007,2380880,191651,10210
268089001,2316938,187939,9000
268089005,2323790,188250,9370
268089004,1858491,150941,7052
268089002,1812560,146482,6974
268089003,1977682,160188,7687
268089010,1169792,102065,5445
268089011,3026402,245050,11877
268022003,2633505,211665,10687
268022001,1560931,128940,7217
268022002,2177014,177380,9769
268022007,2403650,193436,9457
268022006,2846296,228364,10845
268022008,2973380,238957,11490
268022009,2494390,200261,9389
268022010,2227001,188017,9981
268047009,1231770,105050,4495
268047008,1395274,113181,5245
268089007,1882745,152073,7232
268089006,1736042,141046,6758
268089009,1823192,149825,6980
268089008,1416301,126903,4844
268024002,2133794,171873,9389
268024003,3294788,264822,13523
268024004,2066217,166328,8971
268024001,2226180,179234,9850
268047001,2898237,234713,10703
268047002,2254298,182452,8488
268047010,2764121,223648,10334
268047003,2295612,185430,8544
268023002,2840866,228853,10860
268087001,3012587,242341,11564
268023001,2118817,170465,7916
268087002,3254783,261232,11949
268023013,2102770,187935,9394
268023011,908889,94161,5265
268023009,2781938,223521,10426
268023008,2550591,206972,9607
268047004,2078324,167937,8561
268046001,1755874,142599,7001
268047005,2903412,233848,10779
268046004,2376818,193254,9559
268087008,2024192,162789,8255
268087007,2413064,194757,9602
268087003,2787105,223840,10499
268046002,1865844,153988,6829
268023012,2481214,212157,11141
268023010,2251181,181702,8442
268047006,2558706,206495,9647
268047011,1752189,142126,6557
268047007,1895695,154087,7590
268046005,2348948,190472,8926
268023003,1907883,153495,7044
268023007,2748096,228166,9912
268023006,2368273,191683,9070
268023005,1827009,147314,7035
268046003,2190783,176824,10452
268046008,2203507,178032,8490
268046009,2684003,222160,9837
268087004,2721788,218333,10120
268023004,2359833,191018,8802
268087006,2526889,208412,9455
268087005,1882399,154792,7447
268046010,2076011,171499,8524
268046006,2507037,202853,9705
268046012,2347695,189220,8995
268046007,2654713,214378,10348
268046014,2434080,196353,9661
268046013,593875,53726,2937
268046011,2601631,211098,10064
268076010,1921148,154502,7374
268076009,2563604,205280,9405
268076011,2468446,200167,9383
268076001,2075887,166803,7883
268077001,2254830,181770,8639
268077005,2263049,189471,9473
268077002,2760901,222463,10449
268076006,1877380,151232,7271
268076007,2250064,181430,8558
268076005,2668431,214697,10120
268076004,2226869,179586,8461
268077003,2646298,213101,9946
268077008,3038629,245474,11868
268077004,1848216,149968,6904
268076008,2604780,210285,10238
268076003,1684054,138707,7314
268076002,2453824,200903,10848
268075007,1672714,136911,7390
268041013,2612523,212068,10252
268041001,2912625,233554,10646
268041002,3252291,260388,12058
268062001,2577152,207533,9731
268062004,3100522,250457,11641
268062002,2266959,181580,8214
268062006,1872628,152883,7369
268077009,2584004,209096,10024
268077007,2700816,218462,10354
268077006,2138389,172776,8296
268077010,1988228,162108,8023
268062008,2768901,225160,10464
268062009,2244406,182970,8649
268062005,2511694,213624,10167
268062007,2473107,200659,9309
268062010,1818045,148712,7254
268075001,1917961,156406,7457
268075002,1736422,147198,7343
268041012,1015071,87292,3690
268041004,2189255,175915,8509
268041007,2362587,192441,9352
268041003,2518704,203199,9430
268041005,2332051,187569,8982
268041006,2425832,195198,9626
268041008,1882553,159456,7259
268062003,2501597,202360,9944
268075011,1352285,117753,6294
268075010,1796069,147502,7959
268041009,2265498,183279,8854
268041010,3063851,246989,12008
268041011,2528242,202996,9548
268075003,2189549,175797,8017
268075004,2712477,217291,9965
268075008,2590090,210561,10293
268075009,2247763,180141,8441
268074002,1873959,154494,8733
268126013,2500313,203554,9558
268074001,1792363,148187,8417
268126015,2247870,180883,8194
268074014,2519711,208174,11919
268074003,2484770,199509,9154
268074013,2146799,181955,10823
268075006,1716756,140381,7339
268075005,3000633,240713,11174
268074004,2179056,175146,7910
268074005,2719220,218123,9969
268074006,2373112,190481,8984
268126010,1807713,153020,7697
268126009,2855957,235604,10736
268126004,3630654,291185,13226
268126014,2015570,162719,7288
268126012,2749786,220466,9982
268126011,2815164,226803,10695
268124004,3203737,257042,11687
268124005,2685875,215432,10037
268074007,2915668,233340,10981
268074011,2208312,180682,9744
268074008,2266899,182772,8782
268074012,2187099,183322,10717
268074010,2502792,203876,10667
268074009,1776976,144328,7988
268126003,2871072,229997,10503
268126005,1384211,114471,6460
268126002,2177762,176613,9098
268126001,2900591,237097,11776
268124006,2536187,206993,10499
268124007,2099717,170201,8733
268124008,2087294,171479,8861
268125004,2155520,176582,9588
268125006,1947054,164085,8080
268125005,2136419,173840,8981
268124002,3163791,253463,11716
268124001,3152583,263915,12234
268124003,2917873,234590,11825
268125008,2309406,188892,9910
268125007,2345409,190381,9551
268126008,1376223,123807,7135
268126007,980237,99308,6559
268126006,1200871,104366,5418
268125003,2403419,195650,9004
268125002,2836231,236618,10448
268125001,2602052,215549,9960
268136012,5088003,522474,18548
268127013,3053180,289988,12978
268136011,13210273,1420172,48963
268136010,5751024,589745,19513
268136001,6291828,608916,21255
268136009,24498713,2763622,82368
268136008,25112395,2806804,85017
268136006,11668740,1236439,41948
268136002,16599387,1818972,56057
268132007,7328107,774406,25225
268132008,10338970,1136874,40080
268132006,14024172,1572955,50533
268127014,2896757,234339,10413
268127005,4914015,434307,19565
268127007,5486451,563564,18739
268127001,2988678,270847,11526
268132023,4437934,420993,18851
268132005,9010124,925335,30369
268132003,5594883,598922,22036
268132002,3747914,301785,13331
268132022,3829196,315334,12933
268137008,8178609,873541,30009
268137001,24212955,2699935,81697
268137002,9726839,1034232,33211
268137009,4878880,521260,16938
268136003,8947789,964579,38819
268136007,7575880,814842,25831
268136014,10503168,1140188,42742
268136015,9479454,1038714,35310
268136005,11055159,1219105,37386
268137006,20241518,2246150,68966
268137007,17758833,1952689,59932
268137004,19362677,2171525,64857
268132004,2455763,237883,9308
268132001,33024386,3746376,110839
268132020,20977396,2369610,71436
268132021,36068444,4107237,120952
268136017,12848382,1447898,43542
268136004,7931038,860872,27462
268136013,23063805,2568535,77697
268136016,12592766,1415129,44720
268127006,8595572,941610,46488
268127015,17693419,1983267,59663
268127016,7030014,725426,25806
268127003,7666891,745813,26297
268132009,22788360,2578190,76846
268132024,28308697,3222937,96941
268137011,11354652,1252422,41905
268137010,19445329,2171722,64749
268135002,9460271,1037348,32681
268135005,8297804,865163,34382
268135009,14134725,1581837,48764
268135003,9658145,1057052,32810
268137005,25654593,2921064,87584
268137003,11629839,1286519,42647
268135016,2486263,260328,8755
268135017,6075874,678633,23032
268127009,10072231,1102524,48453
268127008,2085454,198175,8578
268127010,8647830,929887,39487
268127012,8653637,923315,29316
268132012,5765302,619092,30187
268132010,3928935,416397,20805
268133011,36910756,4207676,125799
268132025,3209997,342029,16312
268132027,13169582,1481600,44928
268132011_268132019,12154352,1350247,46046
268137015,13157858,1455081,44722
268137014,26567627,3022190,90322
268137013,12266040,1359273,55193
268137012,12819391,1428534,44062
268135004,16273867,1820135,58513
268135013,11620286,1304302,39202
268135014,4246267,427627,20166
268135015,7461545,833695,26047
268132016,34048405,3856979,113903
268132018,26111592,2961985,88506
268132017,20885823,2371151,70559
268135008,12905884,1403060,43064
268135006,3311892,292220,11220
268135007,8649381,924650,44922
268135001,7503225,800157,25664
268132014,53435133,6120470,179009
268132015,49634428,5673758,166589
268133009,45796213,5236280,153634
268135012,10803662,1175797,40025
268135010,7890233,850459,28405
268135011,10173636,1109401,46376
268132013,2538427,276083,13248
268133001,2674550,303065,13676
268133003,25424921,2868786,87079
268133008,3548953,400788,16864
268127011,7659974,757001,25592
268127004,9189606,932312,30581
268127017,9585014,1065263,36343
268127002,5206596,555548,18512
268132026,9418050,1054813,33884
268133002,7025274,725788,25234
268133014,11615451,1254816,45933
268133013,14522193,1624609,48564
268134001,26177632,2970831,89068
268134006,17267757,1968717,57805
268134008,5768373,626238,28157
268134007,7220130,783393,38914
268134002,3258549,331885,11946
268134010,5271205,539888,17843
268134003,9809783,1062323,52034
268133010,15459474,1714893,52608
268133012,21474931,2403934,77867
268133004,8259361,888570,29469
268134011,8745549,927921,34524
268134012,8664172,939408,29629
268134013,12346268,1321146,41363
268133018,4376618,444265,15108
268133005,21828670,2443470,73871
268133017,20477438,2325818,69952
268133015,3483068,335906,11789
268134009,5908279,616731,21043
268127018,2608116,266806,10595
268134005,7378544,745938,24125
268130011,12384738,1335668,51646
268134004,16803093,1823488,56278
268130004,12565733,1349908,42237
268130006,16316541,1788169,54760
268133007,4356675,440380,18008
268133016,11701659,1287468,49896
268133006,23190939,2609254,79274
268131002,29042995,3231493,100130
268131008,15921675,1716588,55066
268131004,21365672,2379005,75812
268131003,10494751,1140587,41957
268128019,23270478,2647796,79501
268128020,18570851,2088423,62464
268128003,9161760,1017504,36920
268128022,13749404,1496492,46675
268130008,8251611,888368,32566
268130007,5864352,593921,20624
268130003,8754746,930394,30135
268130005,4154353,397325,15521
268128005,11015656,1210490,59748
268128018,10057233,1107092,34169
268128017,1797539,172000,7893
268128004,9484102,1040381,51531
268131005,15095687,1641174,50803
268128024,4877975,515607,18009
268128023,10499186,1165361,35389
268128006,10752517,1174448,44042
268130014,3017350,250132,9802
268130013,3340300,294267,12182
268130010,7280230,684239,28549
268130012,8531220,932745,45433
268131006,11119506,1188694,37355
268130001,10559297,1061375,34490
268130009,3900795,316302,13176
268130002,10772618,1111872,35490
268131007,17855247,1928963,60057
268131009,9990697,1034306,34324
268131010,10384483,1103174,36951
268128021,16894272,1895276,56908
268128001,31891129,3601615,106874
268128015,21771188,2473405,74105
268128002,16551612,1835257,63731
268128016,18544038,2056880,62853
268128010,1554067,166444,6676
268129007,843219,90764,4759
268129012_268129013,936888,97086,6647
268129011,2176398,242297,10485
268129004,1649864,145802,10359
268129009,1114763,122833,6181
268129008,4527404,514838,16844
268129005,3997779,418049,20761
268131001,7520149,706648,26030
268129015,2179896,220365,10739
268129014,4807485,433548,16804
268128007,5525567,583807,28420
268128013,8517369,930595,30623
268128014,5731861,616253,20673
268128011,18141600,1964432,60737
268128009,4508290,467885,15802
268128012_02,11642755,1290480,41488
268128012_01,2454458,246114,16640
268129006,4127087,457607,17718
268129003,6672727,639202,22764
268129020,7460305,787512,25254
268129027,2711482,274223,9518
268129010,3823060,408126,16937
268129018,8990224,966868,40583
268129017,3974434,318378,14295
268129016,10704004,1145897,56595
268129022,8406905,921949,29829
268129023,11272286,1225666,38018
268129021,9678854,999159,33179
268128008,5032156,547427,26977
268129019,16730099,1858770,60953
268129001,5871502,608910,26626
268129026,4223648,423486,17925
268129024,2479426,212879,9692
268129002,2224026,196710,7907
268129025,2010077,187530,8334
268146002,3095564,255166,11039
268146004,4538659,405105,17121
268146003,3619729,299979,13066
268146001,5479966,468168,20047
268145014,4105452,362916,15696
268145013,7037729,690584,31185
268145012,4343638,381028,16541
268144006,3875846,335422,16402
268144007,3942396,356935,15655
268145015,4054620,331299,14318
268145001,2100442,171801,7411
268145004,3388383,277213,12136
268145002,2495026,203119,8874
268146007,1802630,147296,6308
268146006,3962616,349663,14988
268147002,4075384,355484,15253
268147001,3433201,284191,11999
268146005,15942505,1569287,70554
268092006,3948487,374832,16547
268092004,1407347,115447,6772
268092005,3621847,340526,17108
268092008,2254203,185472,10892
268145003,3631859,296687,12923
268144005,2836924,235057,11419
268144004,2946327,242794,12031
268144003,3587240,310951,13856
268144008,3803821,307776,13272
268144013,3102141,253693,10901
268144012,3738962,321978,13789
268145008,3111964,271866,12843
268145007,7681706,705900,31698
268145006,5414504,493661,21957
268145009,2244932,180335,7965
268092002,10447079,1006517,45036
268092001,3858280,344562,15914
268092007,1961558,164507,8722
268092003,3181100,262373,12407
268092010,3112758,282201,12779
268092011,7798033,786679,33291
268092009,11242699,1117537,49955
268092012,2995665,270960,12267
268144015,1479353,120138,5316
268144014,9695795,953605,42832
268145011,1696131,137215,6012
268144002,6964838,653603,28952
268144001,4292179,416465,18076
268145010,4212438,409843,17856
268147003,4476129,380473,16923
268144010,11087049,1045107,46210
268144011,13729281,1298208,57482
268144009,13895012,1357761,60988
268145005,8993644,890594,39828
268092013,3180990,299672,13029
268006020,734931,88353,4573
268006031,1103175,133204,7048
268006040,1641260,198141,10750
268006029,847443,99211,4845
268006028,1109465,122448,6268
268006027,966053,114411,5527
268006032,1102392,117834,6172
268006030,1274206,108559,6291
268006002,2782671,229782,12899
268006001,2469471,211698,11497
268007001,1672081,165995,7999
268007002,2020660,164034,8295
268007012,1634732,143795,6238
268007008,2766412,222627,9193
268006003,2155575,173689,7615
268006004,2158484,175240,7265
268006010,1225983,107563,6358
268006011,1222246,113432,6065
268006024,982131,110890,5704
268006039,1046762,126724,6619
268006038,1543936,180436,9326
268006025,1158403,134911,6665
268006005,2407785,195351,7872
268006019,2606591,210756,8077
268006037,2826007,227192,9278
268006006,1964842,157727,6618
268006036,3024999,243923,10109
268006007,1827652,148754,9033
268006009,1463142,118596,7972
268006012,1703207,138643,8869
268006026,1327909,156913,7636
268006023,909613,107193,5219
268006022,723128,83948,4168
268006021,931295,112244,5622
268007007,1802592,144815,5752
268007011,2676787,216599,8559
268007003,2404516,195752,7782
268007004,2003020,168885,6534
268006014,2002315,175272,9154
268006008,1682558,140502,9111
268006015,1895838,166912,8611
268006016,1455635,128432,6729
268006035,1125247,135903,7172
268006033,804387,95797,5150
268006034,1538789,182156,9619
268007010,2049594,170826,6931
268007009,937965,91564,3506
268007005,1880075,151006,6110
268007006,1884132,151852,5990
268036012,1750910,142606,5617
268006013,1614076,141257,8114
268006017,2169530,200356,10437
268033005,1805381,146584,6125
268033006,1867968,150702,6977
268006018,2245499,187608,7073
268035011,2122396,172830,6805
268035009,2391447,192263,7834
268035012,1455148,126687,6202
268036010,1563306,127842,5585
268036011,1214123,113224,5881
268036008,1491620,164462,7767
268036009,1154700,139127,5951
268033003,2497549,201190,8057
268033001,2011214,162609,6733
268033004,2185055,176087,7245
268033002,2407559,194389,7960
268036003,1446250,117509,7725
268036004,1153095,94208,6220
268036007,2911284,235938,10398
268036006,1480728,120703,7539
268034008,2133506,173075,7009
268034005,2402999,193108,7893
268034004,2035809,163839,6481
268034009,1071267,122922,5729
268032018,1385309,152764,6375
268004012,601176,57162,1775
268004011,860332,84392,2468
268035005,2071290,167111,6769
268035006,2115449,170986,6785
268035008,2618929,210976,8629
268035007,2039789,164025,6622
268034007,1768297,142170,5732
268034001,2508464,201966,8178
268034006,2045178,172793,7239
268034002,2536446,204181,8325
268036001,742493,67467,3797
268036005,2091566,168559,6890
268036002,2434290,195536,7929
268035004,2141035,179646,7055
268032017,1015670,101039,2997
268004014_268004015,1104232,113257,3172
268032016,1068078,110921,3773
268004016_268004017,1240577,114122,3710
268035010,1934558,155486,6289
268035001,2078189,167080,6927
268035002,2174033,175433,7181
268035003,2257233,181549,7398
268004006,3025311,252982,8778
268004013,993595,101116,2740
268004002_268004008,3299959,280878,9598
268004005,2278178,188320,7017
268004009,1057527,98970,3606
268032008,1968411,182861,5718
268032001,2017706,169698,10356
268032011,656329,63298,1867
268004003,3195494,267531,9507
268032002,3273948,277434,9746
268032009,1740793,153177,5222
268032010,680924,61666,1963
268005015,914296,86835,2737
268005011,2205656,183872,6495
268005014,1927396,167150,7234
268034011,1994356,165013,6442
268034010,2388649,193615,7814
268034003,2535787,203779,8379
268004004,1363354,111057,6908
268004010,2079337,191702,9881
268004007,1399116,122709,4571
268031015,2482882,226239,10501
268031014,1943961,157374,6353
268031011,3417510,274744,11183
268032003,1988995,159900,6274
268032007,2474005,222429,9272
268032004,2236082,179797,7355
268032013,956276,87217,2788
268005010,2566402,213731,7516
268004001,2102489,201981,10384
268005009,2135521,177284,6384
268005006,2835209,238142,8233
268005017,1237991,101179,6290
268005016,781075,75021,3539
268005013,972897,93987,3470
268005012,1566537,138507,4658
268031009,2786068,225688,9198
268031008,1973533,158957,6580
268031007,2314198,187006,7632
268031010,2039041,163848,6750
268005007,2329026,195208,6656
268005008,2439273,218584,8187
268005003,1951139,189823,7083
268003012,828101,97977,4457
268003016,922632,108959,4579
268003013,730991,79074,3311
268003018,821446,86292,3502
268031013,2222750,179512,7327
268031012,2158777,185933,6460
268031002,2070809,167436,6906
268031003,2112577,170133,6908
268005005,2137550,178312,6263
268005002,2358832,196742,6913
268005001,2403744,201451,6922
268005004,3040693,257848,9512
268032005,2510791,202762,8442
268032006,3037739,245171,10046
268032012,1518497,140500,4513
268031005,2373649,191092,7912
268031006,2086659,167805,6989
268031004,1839892,148139,6127
268031001,2074825,167207,6728
268002004,1285801,131685,5364
268002003,2189192,208029,7088
268002008,1415949,117955,4527
268002001,1008718,122055,4688
268002002,2654426,222694,7698
268002009,24267,1894,118
268002010,930684,93163,4129
268002016,748743,82873,3525
268002019,948409,107760,4682
268002020,879751,103228,4202
268003010,1708886,174253,7046
268002012,823326,71768,2545
268032014,1766031,152971,5181
268032015,1881595,158541,5552
268002013,930797,80928,2720
268003009,1486574,161988,7624
268003008,943050,113394,5465
268003014,910125,108912,5146
268003019,1803486,213334,8483
268003017,1119241,123079,5075
268003015,802896,81399,2964
268003001,1732761,208023,9807
268003005,984504,115586,4442
268003004,773071,91225,3254
268003011,1242121,121111,5554
268003002,1037007,124800,5987
268002014,672051,76674,3337
268002007,1078956,122883,5689
268002015,1424889,170506,6767
268002018,881232,100061,4011
268002017,1115164,125906,4816
268002005,2604506,227211,7959
268002011,1107964,111892,3118
268001005,1289533,120295,5126
268001007,1535792,146561,6972
268001004,1981481,177624,6620
268003007,1188440,141331,5473
268003006,1067379,128195,4940
268003003,1146676,119138,5262
268001001,2511310,208935,7348
268001006,1157241,110504,4465
268001003,2183699,185730,6955
268001002,2484491,215249,8691
268002006,1183720,138882,5558
268082007,1288019,124085,3930
268082006,2557758,222526,8280
268082009,1882491,156230,5655
268082001,2277182,201336,7166
268082010,1736716,176992,4808
268082008,1589532,139983,5058
268082004,889550,99058,3362
268082003,847825,100813,3735
268082011,1185191,133890,4971
268081009,3141480,262484,9159
268081008,1541087,157396,4973
268081003,2489765,227336,7702
268081004,2422536,209945,7137
268082005,478813,51875,1653
268082002,1638700,166948,6347
268082013,1672937,172242,5409
268082012,839963,98235,4267
268081001,766131,85482,3649
268081012,1848511,169455,6192
268081018,1714140,148661,5296
268081017,1142795,114427,5278
268080011,916827,108078,4752
268081007,1804949,181437,5790
268080010,1229833,104487,3716
268081010,1205316,105393,4092
268081011,1067670,104288,3524
268081016,683107,72285,3350
268081015,715594,75446,2131
268081005,1269314,128441,3942
268081006,1307802,123518,4053
268081002,1942620,167496,6123
268081014,972734,99887,3215
268081013,746552,69505,2139
268080006,1756480,155418,5242
268080007,1149473,101034,3648
268080012,934751,82466,3366
268080013,1159483,96136,3528
268080004,1347487,112538,4078
268080005,1069913,91660,3636
268080002,1102693,93256,3227
268080016,840347,69356,2545
268080009,1266430,116568,4650
268080017,1153054,97355,5182
268080015,849320,80731,2738
268080008,887770,77357,3205
268080003,982446,86411,3199
268080001,1133056,133134,5893
268080014,761762,77691,2717
268078001,3243647,276841,19735
268078002,3102325,258309,9435
268078009,1588870,131796,4876
268078012,1890031,157701,7384
268078003,1757566,147314,5600
268078010,2048513,169812,6350
268078005,2229182,187309,9352
268118001,2448482,219184,8913
268118007,987655,108837,4371
268118003,1070076,130119,5061
268118004,1012932,119782,5118
268118002,6253839,538248,47662
268078007,1903003,158407,6024
268078008,1594376,131828,5161
268084002,1943030,163600,6502
268078006,1945661,185193,10206
268078004,2031788,175091,12660
268078011,1293414,113927,5983
268085004,939976,110890,4800
268085013,1096625,130226,5534
268084001,1613802,139249,5213
268084003,2008183,166460,7098
268085001,1411662,153218,7432
268085002,1183694,118087,4599
268085012,1070399,119867,5120
268084004,8411251,721409,68434
268084009,1121692,132474,6039
268084010,1642737,173307,10931
268084006,1241962,109688,5267
268084008,2048294,189624,11008
268084007,1466086,156413,11603
268085003,1282121,131152,6688
268085011,11109574,943231,89545
268085008,1645732,150398,6456
268085009,2194952,218294,11364
268085010_01,807545,77341,3584
268085010_02,1958282,188773,11431
268085014,2325346,192928,7550
268085017,1925790,172513,7070
268085015,1978136,164536,7065
268085018,2963026,246509,9563
268085005,2491657,211638,13178
268085016,3004477,251653,9702
268085006,2034214,170952,9620
268085007,2084102,173198,6679
268084005,1728180,178847,8087
268148001,3331080,289973,17193
268148003,1921900,185558,9006
268153002,1931549,182215,8793
268153010,2078343,184833,9594
268153001,1346566,143399,4718
268153006,2410157,222152,11614
268153005,756848,90796,3770
268153003,649925,70727,4781
268153004,2683941,225947,8037
268148004,1250729,121271,6963
268152001,753041,90454,3345
268152003,2180639,184952,7587
268152002,2361700,202222,9201
268152004,2071935,172350,7526
268148002,1659559,161015,8710
268148009,1103947,126429,6761
268148008,2354550,248603,14156
268148006,1188149,122363,10379
268148005,1100438,112851,9564
268148011,1105642,131649,5174
268153008,2926099,245464,9542
268153007,1626535,139000,5160
268153011,2109602,176772,6394
268153009,2508477,208557,7780
268151002,1529800,144323,7301
268151001,2514831,209688,7744
268151009,1867721,183270,9529
268151006,1578081,132574,6454
268152009,3931290,326545,23025
268152010,4495414,378462,34243
268152006,11380232,957268,93355
268152005,15051215,1266917,123877
268152007,12185474,1025317,100676
268152008,10857213,913238,89740
268118006,767157,89012,4011
268118005,1235480,133940,7225
268148007,1385903,144947,6784
268148010,1100427,122884,5781
268148012,1559960,152477,10143
268151011,1946066,162630,8572
268151012,456444,46737,3984
268150009,827049,83298,6990
268151007,982313,89449,2856
268151005,2053762,180004,6619
268151008,1605471,139830,7967
268151010,500541,51568,4393
268150010,772244,75546,6446
268150003,2875223,240987,9215
268151003,2842565,247676,11568
268151004,1065057,119452,6346
268150001,2348801,210161,9473
268153012,14169635,1194078,116352
268150008,6680121,568720,53959
268150007,1335635,140560,7075
268150004,6333947,541184,50370
268150006,9676602,829151,77498
268150005,932112,103268,4920
268103002,3753223,323289,18133
268103001,2936150,255836,11781
268150002,3248745,273160,10950
268150011,2513907,231488,10606
268100003,1534451,147577,7805
268149001,986970,107684,5598
268149005,1171243,136128,5417
268149006,1415004,163586,7294
268103007,755865,81200,5651
268103004,2821623,238672,9659
268103010,1167859,120761,9198
268150013,2133543,209147,13099
268150014,13934765,1173582,114899
268150016,8673725,730043,71636
268103006,9828285,826308,81282
268103008,2420819,201889,7605
268103005,6938081,584516,56899
268103003,8456192,711997,69389
268150012,1909996,192682,9185
268100004,2111443,199471,14029
268100005,1575197,174972,8672
268150015,1337763,136181,7201
268150017,3091271,273782,21216
268099004,1140342,110891,6959
268099001,2972679,254372,15857
268149008,7970702,678288,64543
268149007,1445326,140784,9415
268098003,16175054,1362053,132386
268149004,777910,88207,4023
268149003,1223161,139602,6527
268149002,735052,88389,3228
268098004,808544,87403,5286
268103009,2935453,248450,10910
268102002,3622530,318618,19367
268102001,1651959,146579,6815
268102003,957716,101941,6008
268100001,10407501,875457,86018
268100002,8048041,677810,63382
268099003,4348658,382137,34341
268099016,1402089,137187,8195
268101005,1910145,177298,7801
268101003,1625903,135615,5580
268101002,3061235,254055,9832
268100006,2523828,215581,10758
268100007,1331501,145414,8261
268100011,736785,75585,5079
268101001,2352139,195373,7097
268101006,2706375,224630,10572
268101004,2116922,174073,6736
268098002,18906169,1591603,155585
268098005,559773,59657,4329
268098007,12523975,1054774,102897
268099002,1953491,162922,7488
268099006,3032413,254606,12966
268099005,1863171,160692,8584
268100010,1699016,145313,6889
268098001,1943273,189571,13353
268098010,1459279,145544,9013
268098009,1485947,154045,8913
268100008,1501764,126543,6461
268100014,1100942,126994,6581
268100012,850907,100276,3963
268100015,1019775,121537,4589
268102006,2133844,179711,7333
268102005,1652846,137025,5000
268102009,2931176,248928,9887
268102011,1149325,136538,6000
268099007,3098323,282177,17865
268099008,2080459,173722,7239
268099020,3709081,335120,27869
268101009,2787355,231397,11174
268101008,3113999,259255,9598
268102010,854955,101935,3841
268099019,4189537,368884,32491
268099014,1381045,167757,6219
268099015,2175717,204204,8294
268102007,663301,75689,3626
268102008,2356956,205163,12188
268162009,2353990,213502,11634
268100009,2284746,203069,12972
268100013,1315017,144855,6636
268100017,1404172,141527,5368
268098008,1357171,152988,6974
268098006,7688814,660994,56213
268099010,1074113,127641,4908
268099009,1184527,140915,5163
268099011,1527379,167929,7214
268102004,1030997,110530,4940
268101007,4853867,425239,37455
268100016,1460729,143400,8258
268099021,883705,97203,4379
268099017,619844,60850,2169
268099018,1601326,146024,7787
268162002,5235114,453509,37694
268162001,2162442,188206,7121
268162004,2396274,205484,14037
268162008,1010021,95912,4136
268162010,2691081,239605,10877
268162011,1445077,130397,4196
268162003,2891696,242489,10517
268162007,2961240,246377,11167
268162006,2998857,250928,10478
268099012,893474,109060,4030
268099013,1264741,142082,6061
268161004,1415051,137534,6373
268161007,855405,104384,3861
268161003,1351874,138846,5348
268161002,1457786,144402,7256
268161006,991786,115985,5022
268161005,2307073,211156,11177
268161010,8435529,739942,63170
268161009,2603134,237510,15201
268161001,2622174,258445,13307
268161008,1638849,162594,7801
268162017,3935407,351855,25477
268162018,4323326,379780,24874
268162012,2297349,194830,7797
268162015,2489397,219416,15715
268162005,3638187,314001,16869
268162016,2881878,246252,10940
268162014,1600146,141347,5869
268162013,2776094,241898,15447
268161012,11496118,980954,92546
268161011,11687886,993961,94951
268028007,2825518,229577,9430
268028009,2711757,224474,9249
268028008,3137274,253829,10973
268029006,3406574,282525,10560
268029008,2138435,176375,7269
268029005,3946206,324695,12129
268029007,2629583,215511,9035
268060013,2443229,197905,8591
268060012,1877796,152235,6566
268028005,3137602,256393,10372
268028006,3195592,263154,10235
268028013,2550579,226714,9309
268028014,3019145,246118,10834
268157011,928035,98825,3441
268157010,2179160,177459,9370
268157003,3731733,305385,12928
268157008,2687947,219667,10851
268017020,1046543,104652,6635
268158001,2611316,212356,8936
268017015_268017016_268017017,1070804,111470,4934
268017001,2762280,225292,9537
268017002_268017019,2327750,189314,8055
268017023,1208900,123812,7285
268017013,1333614,113264,7473
268017022,1987999,164246,9901
268017018,1268986,123669,7433
268017014,1656216,149084,9858
268017011,1697377,152187,10038
268029002,3589050,294182,12287
268029001,2541283,211565,8633
268029003,2702076,233681,9196
268029004,2781466,229612,9229
268028010,1235073,137611,5926
268028012,973714,95320,4687
268028011,1004107,94468,3581
268060011,2289557,184645,8277
268060010,2411667,194784,8660
268060009,2098989,169464,7539
268060008,2175902,175604,7889
268028002,2576218,208479,8732
268028003,3128070,262848,10633
268028004,2236287,188058,7860
268028001,2381063,195925,8045
268010001,1849382,155972,6486
268010006,2289545,190371,9195
268010005,2217474,187425,7712
268060014,2118681,173984,7480
268060007,2154548,173931,7790
268060006,2856430,231347,9962
268060005,2670671,222292,10197
268158006,2158917,175944,7433
268158017,769316,82914,4263
268158005,2353665,191157,9680
268158008,2423084,197949,10157
268017012,1560931,135803,8735
268017010,1750459,143405,8503
268017006,2324582,189361,10200
268158003,3439170,281827,11658
268158002,2744217,223196,9405
268017004,1389815,121738,9448
268017003,2482451,202452,8523
268017021,2003023,189822,11550
268017009,1857033,154009,9019
268017008,1621147,138637,8082
268157009_02,1675560,180754,8096
268157009_01,1315337,144306,6747
268157001,2090808,170235,8949
268157002,2787882,225894,11828
268157005,1656183,134246,5925
268158004,2793340,227142,9524
268158016,2330368,208842,10542
268060001,2166680,176388,8284
268060002,1529678,125357,5343
268060003,2699452,219263,9236
268060004,3670916,308470,12032
268010011,1922942,161607,6545
268010002,3003866,245293,10361
268010013,2230050,181402,7588
268010003,3179381,264798,11165
268010004,1479977,136844,7173
268010009,937120,87741,6839
268010010,1312571,119960,6009
268059005,1275466,114675,4668
268059007,1609188,150655,5693
268059008,914887,92746,5169
268059004,1142113,109187,8111
268010007,1142324,97538,4136
268010015,1476925,132599,5201
268058012,1623015,132396,5612
268058001,2890443,235816,9903
268058014,2081966,168877,7381
268058013,1148285,104218,4719
268010012,1742315,143067,5909
268010008,1285576,112090,4332
268017007,2305952,188042,7902
268017005,2051675,166994,7121
268159008,2163320,178794,7255
268159009,1983904,161826,6770
268158009,2069714,167356,8111
268158015,2357428,190767,8493
268158013,2538831,205075,9142
268158007,2053358,166328,7271
268157004,2916124,237219,10560
268157012,1961986,158709,6975
268157006,2144916,174497,7360
268157007,2640575,215005,9273
268010014,2748046,238078,9411
268058007,2139026,183488,7736
268058009,1243642,126967,7169
268058008,2306550,186436,10286
268058018,3111686,252205,11275
268059006,1735493,141000,6779
268059001,1836879,148830,6480
268059002,2548962,220615,9696
268059003,3056309,254627,10749
268158010,2517251,203877,9117
268158014,2191815,177887,7903
268158012,2537672,205304,9053
268158011,1906107,155863,6532
268159002,2519964,206073,9061
268159001,1878440,155225,6719
268159004,2792269,226883,9981
268159003,1836324,149619,6646
268058015,1235506,119097,8274
268058016,1807249,168163,9123
268058004,2992908,250292,10113
268160002,2470100,204090,12226
268160001,2114732,174957,9980
268160004,1762052,191066,9685
268159006,2542315,206796,10521
268159007,2305891,196009,10669
268159005,1899440,155349,9616
268160005,1890771,153644,7343
268160003,1062293,104089,7235
268070001,2548681,207439,8771
268070018,2305807,207060,9326
268070017,1142893,113826,6253
268058011,1822464,162055,10162
268058005,2706072,221896,9197
268058006,2365076,193514,8481
268058002,2408658,195086,8770
268058017,3188738,261845,13762
268058003,1728559,139465,6252
268160006,2465124,199919,8987
268160007,2483034,200575,8923
268160008,2095005,169678,7507
268160011,1830620,156453,6763
268021007,1873328,152150,6626
268021005,2354511,190481,8401
268021006,1995470,161310,7130
268021010,2320558,188951,8224
268058010,2112385,183599,10361
268070015,2396891,196374,8536
268070003,2502951,204104,9736
268070004,1749241,142519,8086
268070006,2019677,164512,8710
268160010,2171600,176141,8061
268160009,2559119,207647,9343
268021001,2439241,198698,8656
268021009,2797389,227144,9797
268021008,2756929,224439,9359
268021011,2181604,178913,7637
268070002,2037376,172804,7231
268070016,2378158,191649,10988
268070013,2082467,168242,9409
268070014,2013409,161658,9150
268026003,2923279,247730,9801
268026004,1859932,146166,8622
268026002,2079807,163384,9641
268026001,2136216,172732,7715
268026005,1733944,137046,7999
268026012,2657792,215457,9340
268026006,2455610,194106,11351
268026007,2876881,234657,9915
268021004,2295090,186984,7993
268021003,3055927,249209,10361
268021002,2467227,200816,8405
268070005,1987299,161704,8672
268070007,2307385,187753,10157
268070008,1827079,154529,6669
268021012,2099421,171770,7286
268070022,1596311,132071,7966
268070021,2059487,171444,10388
268070012,1924531,155816,7060
268070020,2697441,218475,9640
268026009,2452514,199822,9077
268026008,3377040,274608,12113
268026011,3146948,255726,12661
268025001,2512982,203650,9158
268025002,2409286,195569,8882
268025007,2759396,224824,9485
268025005,2746737,223204,11103
268070009,2400726,193904,9231
268070010,2209369,178101,8062
268070011,2518889,204769,9316
268070019,3159837,255613,11359
268026010,2762067,224223,11792
268025008,2542911,210284,9477
268025006,2249650,183148,7857
268025004,2662420,216067,9590
268025003,2214596,179904,9242
268038003,1293481,147727,7939
268038005,1001892,109984,6185
268038004,1177381,130349,7184
268038001,1509862,123671,8482
268038006,1881333,148922,11022
268038002,1589247,127398,9671
268039004,2426637,194628,8736
268039006,1859376,155743,8846
268039005,2008969,161113,8204
268039001,1754835,137618,9142
268039002,2102442,169149,7612
268039007,1880001,150938,6802
268061005,2690908,216830,9717
268061004,1858974,150075,6768
268061003,1976612,158980,7218
268061006,2068341,166959,7421
268039003,1908504,153965,6770
268039009,1797538,144167,6351
268039008,1930769,155418,6889
268039010,2905882,234723,10693
268095001,2217250,178308,7977
268061007,1986093,160488,7214
268061008,1786803,144687,7337
268061009,1830407,147534,7568
268061012,1943618,156916,6828
268061010,2133348,171676,7751
268061011,2528485,208580,9453
268095004,1965145,158738,7030
268095002,1865716,151018,6478
268095005,2512693,203031,8952
268061001,2150554,173385,7494
268061002,2893181,232345,10200
268061013,1082015,89945,4679
268095003,1815445,146709,6390
268095009,2260223,182930,7874
268095008,2424121,196434,8716
268095006,2755812,221675,9716
268095007,2363809,190454,8210
268057011,1650757,132432,5864
268057009,1562767,126306,5497
268057010,1800216,144668,6441
268057008,2476963,199447,8523
268057006,2073372,167661,7188
268057002,1706501,138010,5878
268057003,1953631,157122,6898
268057001,2559954,207443,8830
268057007,2432403,195883,8431
268057005,2132381,171315,7528
268057004,2252664,180850,7967
268083005,1545781,124087,5437
268083007,1783554,153114,7246
268083006,1348726,110492,4358
268083001,1861417,150979,6652
268083010,1839812,148847,6502
268083009,1753228,140027,6269
268083008,1963476,157521,6904
268083004,1609138,130099,5590
268083002,2156337,174073,7467
268083003,2268814,182770,7851
268083011,905496,100638,5648
268083012,1192196,135222,6917
268066005,2345980,187010,8791
268066006,2387310,190499,8872
268066008,2231907,178100,8252
268069007,2128354,169731,9535
268069005,1442731,116160,6575
268069008,1694746,135894,7880
268069006,1366640,109032,6514
268063011,2371509,188413,10097
268063006,1688699,135615,6335
268063012,1616505,129433,6367
268066007,1169250,96824,9303
268066009,1675941,133749,6382
268066010,1984597,158338,7640
268066011,1835952,147799,7657
268063005,1827501,152870,9019
268063010,1803281,143772,7536
268063004,1907802,153236,7897
268069003,943239,79969,6641
268069001,1947384,155477,9264
268069004,1129835,94475,6983
268069002,1990020,158821,8946
268063007,1475953,118132,5603
268063008,2476549,197669,9279
268063009,2691371,214822,9946
268063003,2535223,203173,9348
268063001,1503567,119411,7142
268063002,1711897,136526,7113
268064001,1971517,157294,7373
268069009,1927744,153536,8799
268068001,1752898,140378,8837
268066001,2115391,168825,7854
268066004,2401790,191507,9030
268066003,2354781,187980,9113
268066002,2232500,178648,9916
268064005,2609501,208403,9666
268064003,1805583,144946,6982
268064004,2184695,174475,8202
268064007,1273497,106930,5333
268064006,2279508,182055,8585
268064008,1862175,149278,7072
268064011,724129,58586,2952
268068009,1480212,118146,7473
268068002,1723286,137661,8345
268068005,1395859,111408,6771
268068003,2115467,168580,9713
268068004,1689214,134697,7803
268067002,1528968,121747,7159
268068006,2382132,192525,9349
268068008,2108230,168632,7949
268068007,2228323,177773,8143
268064002,2102291,167721,7901
268064010,1916202,153766,7235
268064012,1862647,150433,7900
268064009,1913147,158142,9025
268065007,1823465,147836,6717
268065008,2295196,191489,9825
268065013,2918401,232976,11298
268065015,647245,58621,5624
268067003,1847722,147614,9262
268067005,1277834,104815,7660
268067004,1297856,103599,6438
268067013,1778435,152922,9456
268067014,1803071,146348,7740
268067015,1157368,94323,5971
268067001,2250624,179648,10461
268065014,1862753,153335,8395
268065006,1496095,120286,5811
268065012,1760654,140598,6632
268065005,2075221,165713,7901
268012012,2946113,235973,11825
268012008,2643877,210806,9866
268067007,1896585,151363,9079
268067011,1631919,129948,8032
268067012,527089,52593,4079
268067009,1177358,120733,8394
268067008,1348355,108374,6823
268067010,871283,84840,7091
268067006,950193,107109,5389
268065010,1970553,157942,7310
268065011,1821935,145436,6964
268065009,2287776,183186,7974
268020009,2258288,180866,8295
268015006_268015015,402937,35775,3699
268012011,1795376,143157,8285
268012005,1797718,143436,7299
268012006,2043603,166005,7760
268012007,1818834,145101,6687
268015009,975908,84989,7307
268015012,673561,59210,5406
268015010,1074666,94393,7726
268015011,586735,49968,5012
268030013,929906,83756,4810
268030012,1406250,115615,7271
268030015,2224415,177370,10901
268030005,1750318,140442,8837
268012004,2161553,171125,10053
268012009,947267,100132,6224
268012002,1235780,132231,7494
268012010,1039698,113944,6182
268065002,1454616,116085,5395
268065003,1855849,148092,8028
268065001,1682713,134280,6252
268065004,1909965,152442,7127
268020003,2183973,174860,7949
268015017,1291134,122714,10874
268015013,855222,75208,7371
268015005_268015014,815675,70347,6972
268012003,2444040,194080,11747
268012001,1199317,100134,7416
268014005,1980344,165287,10021
268015016,578703,53330,4022
268015008,1560342,124647,8464
268015007,1545681,125194,8247
268020006,2809378,224637,9939
268020008,2784668,223128,9572
268020007,2982242,237571,11996
268013002,1957200,156136,7221
268013004,2657495,212683,9568
268013001,2410394,193197,8773
268013003,2004511,161824,7876
268013006,2122222,169893,8308
268013005,1784315,142422,6642
268011009,2513191,201196,9119
268014001,1628372,130557,7611
268014010,1752618,139737,6696
268014004,2676143,213605,9939
268014002,2062165,170802,7091
268020002,2807968,225047,9804
268020001,2464516,197458,8556
268020004,2511116,201163,8741
268027002,2401039,192460,9028
268027005,2971474,236473,12231
268014006,3121565,250548,10746
268027006,869904,85298,5587
268016001,2128749,169094,9794
268016009,1134033,93938,8818
268030004,1969770,157655,7561
268030010,1667257,133014,6389
268030011,1268936,118866,5046
268030009,833600,91240,2917
268030014,1942062,157087,9241
268030027,1896932,157608,8668
268030026,1891328,155876,9239
268015003,2475316,197228,12483
268016004,2161062,172359,9631
268016006,1402142,113097,8289
268030002,2182085,180423,7596
268030024_268030025,1323839,118056,4611
268030001,1900601,159923,6631
268015001_268015004,1752207,147345,11118
268015002,2026706,166357,10788
268030016,1205021,119956,3767
268030006,1091057,120166,2863
268030017,1034004,118443,2548
268014008,1580485,126067,6045
268014009,1895296,151170,7011
268013007,1029759,82707,4326
268013008,1834219,146784,6700
268011007,1418579,113187,6653
268020005,2052440,162357,9940
268019006,3290436,263716,11830
268019005,2728724,218098,10660
268027004,677071,73536,4128
268027009,2763417,221520,9906
268027003,852393,92015,5233
268027008,2450690,218157,8096
268016003,1859774,148700,8692
268016002,1916925,152676,8612
268016005,1389547,110619,6582
268016007,1222404,97125,5823
268030003,2894481,238201,10244
268030023,1440951,119823,5148
268030022,1218785,110927,3678
268030021,1171795,129798,2890
268030020,960725,104433,2651
268030018,1095713,122570,2785
268030019,1216037,127839,3405
268011008,3730116,298815,13061
268011003,2592589,207789,8843
268011002,2118062,169752,7258
268019001,2340166,187509,8087
268014007,2585541,215804,10372
268014003,2062662,167556,7967
268011001,1981414,158066,9415
268018006,1524877,123653,8482
268018001,995088,87194,6290
268018005,2118575,178139,10640
268018002,261121,22480,1514
268018003_268018004_268018009,901284,76897,7237
268019004,2336024,187156,8036
268019003,2902039,232579,10062
268019002,2208537,177071,7650
268018014_268018017,1530992,128447,11927
268030008,2597346,256231,7642
268030007,1803232,166778,7802
268011006,2209889,176692,8177
268011005,2434916,194632,9221
268011004,2231465,178383,8157
268011011,2076776,165925,7602
268016010,228234,18594,1735
268016014,381276,32225,3200
268016015_268016018,1052309,109398,6776
268016016_268016017,608441,64102,3872
268027011,2365372,204008,8202
268027010,1868358,163698,6368
268018008,478653,39788,2711
268018013,535967,44525,3024
268018007,557134,47133,3025
268011010,2004970,161373,7494
268011013,3219640,257078,11833
268011012,1765102,141608,6141
268016008_01,2308231,190669,14913
268016008_02,383799,31066,2665
268016011_268016012_268016013,2374714,190346,10544
268027007,1347709,112955,4886
268027001,2211181,186747,7982
268018012_268018015,1282450,133146,8237
268018010_268018011,2454450,195889,9231
268018016,1682873,147666,9893
268027013,702158,57995,3437
268027012,2369119,192796,9442
268040004,1287106,147702,13259
268040003_01,1834503,209486,16860
268040002,2093998,169490,9899
268040001,2012129,162912,9378
268040006,2088073,168968,9753
268040011,1807387,146083,8549
268040008,2088564,169430,9918
268040005,717002,73748,9312
268040007,1881624,152582,8377
268079001,1657735,135425,6107
268040012,2416290,195810,11931
268040010,1970935,159153,8796
268040009,1454594,117433,6559
268154006,2565768,206702,9034
268154001,1975725,159369,6969
268154002,1224780,109574,5312
268154003,1957785,157320,6901
268079005,1914644,154706,6745
268079008,1731989,138930,5895
268079004,1616357,157058,6934
268079002,2856804,236041,10607
268079003,2333156,187936,8560
268079006,2202994,186399,7545
268079007,1907205,155860,6961
268154009,398978,48714,13461
268154010,622529,74181,18097
268154005,2732805,219798,9623
268154004,1799911,146156,6918
268154007,1884259,152985,6977
268154008,3233052,263351,11299
268155004,2931770,235516,10116
268155005,2650119,215571,9597
268051001,2919311,233946,9763
268051004,1543633,125140,7018
268051005,3022727,243272,10421
268056008,1859090,149688,6566
268056009,1787177,143740,6253
268056002,2286138,184520,8087
268056001,2070655,166178,7059
268056011,2462781,214793,10349
268056006,2568046,207641,9009
268056007,1694899,147814,6984
268155001,2297395,185808,8173
268156006,1614601,129857,5682
268156003,1738950,139751,6175
268156004,2064639,165778,7110
268156002,1247871,99508,4034
268056005,2414551,194466,8569
268056004,2002907,161584,7191
268056003,2232947,180711,7826
268051002,2793900,224629,9690
268051014,1731873,139250,6064
268051013,2170852,174783,7684
268051006,2125772,171023,7267
268155007,2053471,166009,7078
268155006,2082650,167645,7337
268155003,2503538,200825,8450
268155002,2457294,198238,8604
268156007,1541186,123817,5294
268156005,2342088,188162,8003
268156008,1849411,155243,7380
268156009,1317199,107079,4979
268051003,2353724,189793,8349
268051007,2958619,238069,10374
268051008,2587134,208186,8783
268055004,2412469,194080,8435
268056010,3192603,258268,11042
268055005,2715658,218469,9326
268156010,1973099,158361,6763
268156001,2344947,188584,8152
268156011,1596265,141064,6343
268094002,1824928,146089,5905
268055009,2057742,165803,7310
268055008,2838760,228586,9924
268055010,2847628,229012,9885
268055002,2467025,198826,8602
268055003,3053863,247128,11457
268055001,1803476,153837,5870
268054004,1565401,142106,9482
268054002,1537062,126536,6465
268054005,1589553,128088,5873
268054006,1971266,159157,6927
268051009,1155331,104461,3761
268051012,2119029,170809,7385
268051010,2980652,240111,10419
268051011,1752803,141237,6097
268090001,3013795,242384,10519
268090002,2894386,233084,9832
268090003,2043142,163888,6914
268055006,1716609,138298,7142
268055007,2085402,167669,7244
268052010,2447735,202239,8449
268094001,2114232,169958,7749
268094006,1906812,165851,9814
268094005,1781967,144890,6835
268054001,2355826,191945,8238
268054003,2439831,196773,9469
268054012,2968348,239441,10080
268052009,2962265,238550,10219
268052008,2540964,205483,8526
268052005,1931079,155305,6806
268090006,2218216,178090,7377
268090007,1762415,141825,6051
268090004,2830459,227498,9847
268090005,2668389,214368,9090
268094013,3144989,252462,10756
268094007,1666448,133985,5692
268094014,1959153,157730,6501
268091007,2401366,193127,8377
268052001,3045626,245544,9878
268052002,2397076,192897,8373
268052011,3591504,289094,12431
268094010,2608768,215251,9592
268094004,2190382,176025,8257
268094011,1520673,131811,6824
268091008,1991289,160299,6931
268091009,3114697,250418,10542
268091005,2115222,172250,7234
268052003,1997634,160536,6999
268052004,2356037,190066,8125
268052007,2388228,192641,8086
268054017,1606048,129243,5636
268054013,2260572,184059,7743
268054016,1683146,135666,5924
268054011,2373844,191894,9378
268091003,2694563,216971,9516
268091004,3066362,246468,10649
268091001,2175545,174721,7496
268054015,1773527,143381,6422
268054010,1048813,103980,6526
268054014,1690870,136878,6197
268094009,1675548,134682,5783
268094008,1895507,152430,6534
268094003,2193699,176662,7726
268093001,1354185,112001,4682
268093002,1358188,114916,5079
268091013,1864922,150180,6522
268091006,1982656,159435,6958
268091012,1982324,159390,6836
268093007,3038377,244377,10534
268054008,1720926,137771,5771
268054009,2584344,207444,8804
268054007,3066840,246222,10487
268091014,1456419,118069,5110
268052006,2155777,173797,7400
268053006,1438647,115633,5011
268053001,2294976,189652,7303
268091002,2318587,187038,8130
268091010,3090768,248710,10817
268091011,2407089,194322,8384
268093003,1420220,121622,5582
268093004,2732119,221006,10736
268093005,2556853,209033,9268
268093008,1539637,130468,5334
268094012,1464587,118147,6688
268093006,2720169,218573,9350
268093009,3189550,257118,10926
268093010,1881841,152539,6483
268053002,2956334,237406,10095
268053009,1266613,117391,3793
268053010,1752395,141079,6180
268053008,1664129,133830,5816
268053004,3125299,250967,10828
268053005,2218786,178458,7622
268053007,1450523,136580,7384
268053003,1679520,135195,5849
268008016,1910154,154507,7524
268008001,1541111,136793,6510
268008015,2744802,220088,11118
268008009,1913410,155283,8749
268008004,2600207,206662,10869
268008005,2503646,203555,10353
268008002,2203344,179252,9704
268008003,2477629,196748,10298
268008017_01,2761644,225358,15529
268008017_02,1477083,133736,10882
268008006,2447751,197515,10562
268008008,3101527,247710,13590
268008007,2126040,171709,9214
268008011,2190614,174680,9249
268071001,2367801,185960,12066
268071018,1689860,132312,8525
268071019,2213592,173243,11339
268071012,1363852,107816,7005
268008014,1462294,137079,8882
268008013,1950026,155090,10113
268008010,2136781,171605,9192
268008012,2426051,194756,10328
268071022,1119753,95536,8988
268071023_02,1261995,110331,9658
268071023_01,1191533,107402,8774
268071017,2162053,169270,10964
268071016,1789826,140315,9028
268071020,2905224,227400,14629
268071015,2026412,158835,10341
268071011,2799012,223435,11874
268071013,2183589,175388,9218
268071010,2525350,202136,10781
268071006,2450176,198930,10124
268071002,2262640,196358,15034
268071024,1511183,128856,11988
268071003,1734241,142415,7721
268071004,3388591,272159,14436
268071005,2806056,227445,11655
268071021,1618657,126791,8363
268071009,2498465,199374,10239
268071014,1994431,157625,10142
268071025,1261239,101025,6464
268071008,2321305,185418,9377
268071026,648979,59083,4657
268071027,654680,59493,4762
268071028,1083692,99044,6113
268071029,927089,84220,5425
268073011,1524874,123361,6643
268073010,1636651,132705,7124
268073001,1732573,141828,7608
268071007,2759000,219697,11497
268073007,1848234,150550,8082
268072001,3557332,283324,14632
268073006,1651087,136019,7494
268073003,2393697,195268,10141
268073004,2259170,182538,9975
268073005,2272914,184573,10177
268073002,1820452,149271,8348
268072006,2154735,179140,10456
268072010,1451582,133052,10251
268072009,1502600,125729,10679
268072012,934281,83817,6728
268072013_02,886146,81270,6400
268072013_01,1306449,118607,9620
268072002,2641966,210833,11115
268072005,1718813,146336,11497
268072003,2569959,204148,10656
268072004,1841688,154559,13158
268073008,2920045,240142,13336
268072015,1553964,126240,6820
268073009,2818903,229103,12696
268072014,1723711,137959,7231
268072011,1154504,105501,8225
268072008,2105896,178526,14879
268072007,992615,92245,6605
268088001,1573923,122785,7991
268088005,1490020,114669,7443
268088006,1582896,123258,8497
268088007,1536583,118127,7754
268088009,1770728,136122,8951
268088008,1611365,124337,8155
268088010,1769697,157566,9587
268088012,1460687,156767,7583
268088011,1471566,163695,8219
268088002,1678445,130364,7619
268088003,1360420,105956,6235
268088004,2111206,165809,9557
268121002,987963,109569,5459
268121001,1731086,134433,9364
268122003,2162327,169278,11407
268123001,1584843,122525,8730
268123005,1610955,126011,6797
268123002,1436179,113037,10486
268123003,1715575,134327,8183
268121004,1551748,121579,8566
268121005,1561875,121324,8625
268121003,1626705,126389,9281
268123006,1950545,151259,8347
268123007,2313259,179276,9680
268123009,2216038,172023,9676
268123008,1939243,150987,8750
268086004,1783828,148014,9840
268086001,1294495,100850,5721
268086002,1911701,148728,8302
268086003,1449549,114182,6118
268086005,2457674,191275,10353
268123004,1686521,136520,9354
268120001,1607096,124487,8718
268120005,1673685,130209,9585
268120003,1932818,150341,9154
268120004,1779412,138336,7854
268120002,1884497,146404,8844
268122001,1233976,96239,6655
268122002,1695004,132661,9478
268122006,1471809,114673,8690
268122007,1535087,119044,8674
268122005,1420164,111024,8400
268122004,1563032,121684,8942
268120006,2058965,160294,8947
268120007,2042899,159876,8914
268120008,1322929,104167,6438
268120009,1461565,142117,7347
268119009,1277297,100081,6796
268119001,1343574,104556,7578
268119008,1814876,141929,9268
268119002,1619116,126247,8393
268119003,1303441,101478,6849
268119004,1513095,117802,8264
268119007,1364776,106410,6842
268119010,1031136,80245,5689
268119006,1432902,111705,7621
268119005,1066723,82882,5620
268119012,1260420,141711,7031
268119011,970731,109438,5457
268119017,1452120,159320,8962
268119018,989884,108661,5861
268119013_268119014,2157568,231174,15153
268119015_268119016,651773,69307,4497
268037001,1357137,109645,6573
268037012,2226233,176961,9123
268037011,1431081,114484,7015
268037002,1245829,97578,6241
268037010,1176659,94310,5830
268037006,1616544,180572,8782
268037007,2033781,158765,6997
268037008,1584840,131024,5523
268037014,1139708,120967,5618
268037015,781187,87477,4260
268037009,2434904,189758,7734
268037005,1179595,116009,6006
268037004,938928,97396,4582
268037013,1420790,160871,7888
268037003,1129944,100624,4782
